,Country (or dependent territory),1990.0,1991.0,1992.0,1993.0,1994.0,1995.0,1996.0,1997.0,1998.0,1999.0,2000.0,2001.0,2002.0,2003.0,2004.0,2005.0,2006.0,2007.0,2008.0,2009.0,2010.0,2011.0,2012.0,2013.0,2014.0,2015.0,2016.0,2017.0,2018.0,2019.0
0,Afghanistan,,,,,,,,,,,,,197.0,197.0,214.0,248.0,270.0,325.0,381.0,435.0,540.0,615.0,680.0,660.0,659.0,627.0,582.0,572.0,610.0,647.0
1,Albania,672.0,410.0,262.0,456.0,752.0,917.0,1010.0,717.0,818.0,1032.0,1128.0,1284.0,1425.0,1846.0,2374.0,2674.0,2976.0,3594.0,4377.0,4131.0,4098.0,4439.0,4249.0,4416.0,4585.0,3936.0,4126.0,4520.0,4912.0,5184.0
2,Algeria,2474.0,1820.0,1873.0,1895.0,1543.0,1499.0,1643.0,1659.0,1633.0,1630.0,1795.0,1769.0,1807.0,2128.0,2636.0,3141.0,3509.0,3987.0,4944.0,3886.0,4481.0,5454.0,5575.0,5477.0,5466.0,4151.0,3902.0,4225.0,4250.0,4303.0
3,Angola,886.0,834.0,624.0,440.0,311.0,377.0,431.0,492.0,405.0,372.0,535.0,509.0,691.0,762.0,1024.0,1428.0,2053.0,2883.0,3898.0,3394.0,3599.0,4412.0,4745.0,4989.0,4916.0,3876.0,3485.0,4401.0,4763.0,4692.0
4,Antigua and Barbuda,7623.0,7928.0,8084.0,8474.0,9097.0,8675.0,9266.0,9678.0,10075.0,10350.0,10981.0,10415.0,10482.0,10893.0,11583.0,12738.0,14265.0,15996.0,16514.0,14617.0,13613.0,13347.0,14007.0,13646.0,14488.0,15283.0,16176.0,16826.0,17355.0,17952.0
5,Argentina,4710.0,6233.0,7420.0,7558.0,8126.0,8053.0,8385.0,8919.0,9005.0,8453.0,8387.0,7852.0,2898.0,3648.0,4314.0,5164.0,5976.0,7316.0,9147.0,8338.0,10413.0,12788.0,13890.0,14489.0,13209.0,14644.0,12494.0,14062.0,14342.0,15801.0
6,Armenia,,,31.0,248.0,197.0,400.0,504.0,522.0,608.0,597.0,621.0,692.0,779.0,923.0,1180.0,1628.0,2128.0,3079.0,3913.0,2912.0,3122.0,3417.0,3576.0,3732.0,3889.0,3529.0,3533.0,3690.0,3853.0,4046.0
7,Australia,18866.0,18677.0,18120.0,17475.0,19740.0,20960.0,23218.0,23050.0,20374.0,21767.0,20860.0,19443.0,21653.0,27257.0,32796.0,36179.0,37908.0,45163.0,49224.0,45604.0,56360.0,66773.0,68048.0,64734.0,61232.0,51220.0,51737.0,56135.0,58941.0,61251.0
8,Austria,21779.0,22571.0,25012.0,24099.0,25668.0,30289.0,29756.0,26683.0,27329.0,27152.0,24589.0,24511.0,26444.0,32177.0,36755.0,38319.0,40470.0,46653.0,51630.0,47786.0,46757.0,51193.0,48381.0,50533.0,51390.0,43705.0,44233.0,46436.0,49796.0,51375.0
9,Azerbaijan,,,160.0,175.0,297.0,313.0,409.0,506.0,541.0,572.0,648.0,665.0,748.0,864.0,1019.0,1541.0,2415.0,3759.0,5213.0,4933.0,5847.0,7106.0,7472.0,7937.0,8049.0,5396.0,3956.0,4098.0,4439.0,4752.0
10,Bahamas,16076.0,15487.0,15213.0,14869.0,15403.0,15882.0,16433.0,17198.0,18255.0,20198.0,20894.0,21201.0,22311.0,21971.0,22124.0,23714.0,24215.0,24988.0,24482.0,22952.0,22958.0,22647.0,23843.0,23925.0,23926.0,24310.0,23671.0,24511.0,25269.0,26040.0
11,Bahrain,10180.0,10252.0,10537.0,11290.0,11777.0,12143.0,12299.0,12422.0,11566.0,12210.0,14215.0,13894.0,13502.0,14486.0,15964.0,17966.0,19268.0,20908.0,23236.0,19465.0,20828.0,24080.0,25227.0,26172.0,26328.0,24063.0,24146.0,25170.0,25764.0,26167.0
12,Bangladesh,329.0,332.0,324.0,333.0,354.0,383.0,394.0,403.0,407.0,415.0,412.0,406.0,420.0,454.0,486.0,495.0,523.0,585.0,656.0,728.0,808.0,857.0,916.0,1030.0,1163.0,1293.0,1414.0,1532.0,1660.0,1795.0
13,Barbados,8095.0,8129.0,7829.0,8300.0,8186.0,8604.0,9167.0,9634.0,10835.0,11328.0,11600.0,11547.0,11705.0,12058.0,12887.0,14256.0,15705.0,16549.0,16692.0,16677.0,16080.0,15726.0,15593.0,15698.0,15597.0,15815.0,16237.0,17159.0,18205.0,18769.0
14,Belarus,,,1210.0,1076.0,1481.0,1000.0,1376.0,1342.0,1452.0,1166.0,1277.0,1247.0,1480.0,1812.0,2370.0,3116.0,3838.0,4726.0,6366.0,5170.0,6023.0,6473.0,6938.0,7977.0,8316.0,5941.0,4989.0,5585.0,5745.0,6021.0
15,Belgium,20229.0,20680.0,22953.0,21844.0,23754.0,28617.0,27750.0,25090.0,25605.0,25509.0,23303.0,23194.0,25197.0,30863.0,35723.0,37147.0,39022.0,44638.0,48851.0,45176.0,44691.0,47951.0,44900.0,46613.0,47635.0,40510.0,41248.0,43243.0,46316.0,47812.0
16,Belize,2180.0,2292.0,2603.0,2730.0,2752.0,2864.0,2889.0,2845.0,2888.0,3013.0,3331.0,3388.0,3516.0,3618.0,3743.0,3818.0,4041.0,4143.0,4252.0,4146.0,4321.0,4475.0,4617.0,4614.0,4781.0,4757.0,4630.0,4699.0,4776.0,4819.0
17,Benin,392.0,383.0,418.0,407.0,276.0,362.0,382.0,357.0,375.0,399.0,371.0,374.0,413.0,510.0,571.0,588.0,610.0,686.0,799.0,770.0,734.0,800.0,812.0,888.0,918.0,764.0,771.0,826.0,910.0,969.0
18,Bhutan,525.0,455.0,452.0,480.0,494.0,581.0,606.0,668.0,716.0,731.0,773.0,783.0,843.0,933.0,1056.0,1172.0,1288.0,1502.0,1865.0,1721.0,1999.0,2382.0,2445.0,2452.0,2388.0,2603.0,2681.0,2887.0,3217.0,3672.0
19,Bolivia,723.0,778.0,805.0,795.0,805.0,886.0,956.0,1006.0,1058.0,1011.0,1005.0,960.0,915.0,918.0,980.0,1049.0,1241.0,1400.0,1749.0,1790.0,1995.0,2395.0,2665.0,2970.0,3147.0,3099.0,3125.0,3412.0,3648.0,3878.0
20,Bosnia and Herzegovina,,,,,,,983.0,1219.0,1445.0,1548.0,1469.0,1523.0,1753.0,2197.0,2612.0,2790.0,3179.0,3912.0,4784.0,4508.0,4404.0,4789.0,4431.0,4682.0,4785.0,4187.0,4298.0,4540.0,4837.0,5076.0
21,Botswana,2751.0,2674.0,2684.0,2630.0,2756.0,2984.0,3006.0,3026.0,2842.0,3174.0,3302.0,3091.0,3018.0,4119.0,4842.0,5346.0,5347.0,5677.0,5641.0,5206.0,6854.0,7551.0,7154.0,7125.0,7728.0,6781.0,7227.0,7674.0,7952.0,8164.0
22,Brazil,3172.0,2735.0,2577.0,2846.0,3569.0,4950.0,5208.0,5327.0,5132.0,3508.0,3779.0,3184.0,2859.0,3091.0,3659.0,4816.0,5913.0,7375.0,8855.0,8625.0,11298.0,13242.0,12367.0,12295.0,12112.0,8810.0,8727.0,10020.0,10515.0,10913.0
23,Brunei,15423.0,15773.0,17386.0,16665.0,16141.0,18292.0,19282.0,19121.0,14526.0,16112.0,20511.0,18680.0,18846.0,20822.0,24295.0,28589.0,33254.0,34811.0,42679.0,31287.0,35437.0,47092.0,47641.0,44540.0,41509.0,30995.0,26935.0,27893.0,27601.0,29152.0
24,Bulgaria,2267.0,224.0,919.0,504.0,895.0,1514.0,1154.0,1228.0,1632.0,1674.0,1614.0,1784.0,2075.0,2690.0,3345.0,3839.0,4445.0,5813.0,7153.0,6860.0,6744.0,7837.0,7402.0,7703.0,7877.0,7017.0,7377.0,7924.0,8701.0,9204.0
25,Burkina Faso,352.0,346.0,361.0,335.0,196.0,236.0,249.0,229.0,256.0,267.0,227.0,238.0,262.0,333.0,373.0,408.0,421.0,475.0,572.0,553.0,584.0,666.0,673.0,699.0,701.0,616.0,658.0,696.0,753.0,799.0
26,Burundi,207.0,208.0,187.0,163.0,157.0,167.0,143.0,157.0,142.0,133.0,130.0,127.0,116.0,108.0,122.0,149.0,167.0,174.0,202.0,217.0,243.0,261.0,266.0,287.0,319.0,319.0,325.0,343.0,377.0,439.0
27,Cape Verde,957.0,975.0,1062.0,1046.0,1149.0,1342.0,1352.0,1293.0,1349.0,1502.0,1332.0,1365.0,1480.0,1909.0,2159.0,2278.0,2566.0,3130.0,3692.0,3524.0,3413.0,3801.0,3463.0,3614.0,3590.0,3043.0,3086.0,3213.0,3432.0,3612.0
28,Cambodia,100.0,216.0,252.0,242.0,265.0,320.0,316.0,302.0,268.0,294.0,300.0,320.0,338.0,361.0,406.0,471.0,536.0,628.0,742.0,735.0,782.0,878.0,945.0,1011.0,1091.0,1168.0,1278.0,1390.0,1496.0,1610.0
29,Cameroon,1086.0,1175.0,1045.0,1058.0,699.0,645.0,699.0,688.0,668.0,662.0,581.0,603.0,663.0,807.0,909.0,931.0,980.0,1085.0,1209.0,1176.0,1159.0,1271.0,1234.0,1345.0,1424.0,1230.0,1238.0,1263.0,1329.0,1386.0
30,Canada,21495.0,21807.0,20915.0,20146.0,19963.0,20642.0,21257.0,21858.0,20975.0,22261.0,24221.0,23777.0,24210.0,28242.0,32075.0,36316.0,40442.0,44599.0,46661.0,40831.0,47513.0,52144.0,52577.0,52494.0,50510.0,43350.0,42225.0,44773.0,47658.0,49196.0
31,Central African Republic,540.0,503.0,490.0,419.0,268.0,341.0,298.0,286.0,296.0,291.0,243.0,242.0,256.0,290.0,323.0,338.0,362.0,413.0,474.0,465.0,457.0,495.0,480.0,329.0,363.0,332.0,364.0,400.0,440.0,482.0
32,Chad,323.0,313.0,318.0,272.0,215.0,248.0,269.0,252.0,278.0,239.0,210.0,253.0,287.0,361.0,568.0,739.0,805.0,915.0,1073.0,934.0,1047.0,1162.0,1156.0,1180.0,1241.0,947.0,852.0,799.0,811.0,835.0
33,Chile,2504.0,2830.0,3386.0,3560.0,4036.0,5113.0,5346.0,5740.0,5441.0,4943.0,5054.0,4558.0,4450.0,4776.0,6202.0,7606.0,9477.0,10510.0,10758.0,10222.0,12790.0,14608.0,15307.0,15786.0,14645.0,13470.0,14576.0,16915.0,18264.0,19797.0
34,China,349.0,359.0,423.0,526.0,473.0,608.0,709.0,781.0,828.0,872.0,959.0,1053.0,1150.0,1293.0,1513.0,1766.0,2111.0,2703.0,3467.0,3838.0,4524.0,5583.0,6329.0,7081.0,7702.0,8167.0,8123.0,8583.0,9377.0,10121.0
35,Colombia,1653.0,1674.0,1942.0,2160.0,2666.0,2967.0,3067.0,3323.0,3021.0,2614.0,2479.0,2406.0,2370.0,2262.0,2764.0,3417.0,3750.0,4723.0,5496.0,5200.0,6305.0,7285.0,7931.0,8068.0,7938.0,6048.0,5792.0,6238.0,6472.0,6767.0
36,Comoros,542.0,581.0,615.0,597.0,391.0,477.0,464.0,419.0,416.0,421.0,375.0,399.0,447.0,565.0,612.0,646.0,659.0,738.0,819.0,801.0,789.0,860.0,815.0,873.0,881.0,733.0,745.0,777.0,837.0,868.0
37,"Congo, Democratic Republic of the",1043.0,981.0,857.0,1084.0,569.0,535.0,670.0,589.0,423.0,376.0,364.0,151.0,157.0,156.0,175.0,197.0,228.0,254.0,288.0,268.0,293.0,339.0,369.0,424.0,453.0,470.0,467.0,466.0,466.0,468.0
38,"Congo, Republic of",1261.0,1191.0,1251.0,1117.0,718.0,838.0,981.0,875.0,717.0,846.0,1127.0,954.0,1006.0,1138.0,1476.0,1886.0,2335.0,2192.0,2937.0,2624.0,3364.0,3951.0,3556.0,3561.0,3493.0,2067.0,1855.0,1794.0,1786.0,1772.0
39,Costa Rica,1874.0,2318.0,2688.0,2927.0,3105.0,3327.0,3265.0,3437.0,3639.0,3703.0,3928.0,4030.0,4108.0,4214.0,4471.0,4743.0,5296.0,6187.0,7003.0,6897.0,8301.0,9302.0,10099.0,10678.0,10696.0,11436.0,11836.0,11857.0,12145.0,12736.0
40,Côte d'Ivoire,962.0,900.0,919.0,828.0,605.0,777.0,834.0,786.0,824.0,788.0,666.0,677.0,730.0,880.0,927.0,933.0,947.0,1055.0,1229.0,1197.0,1195.0,1201.0,1221.0,1389.0,1531.0,1381.0,1466.0,1599.0,1774.0,1893.0
41,Croatia,,,2589.0,2804.0,3835.0,5028.0,5252.0,5244.0,5631.0,5133.0,4970.0,5410.0,6244.0,8049.0,9366.0,10224.0,11360.0,13544.0,15889.0,14142.0,13505.0,14538.0,13235.0,13574.0,13469.0,11637.0,12165.0,12863.0,13958.0,14600.0
42,Cyprus,10360.0,10414.0,12159.0,11342.0,12525.0,15397.0,15260.0,14325.0,15189.0,15380.0,14465.0,14904.0,16188.0,20389.0,23970.0,25527.0,27449.0,31775.0,36031.0,32636.0,31263.0,32693.0,29032.0,27792.0,27208.0,23105.0,23352.0,24741.0,26742.0,27623.0
43,Czech Republic,,,,,,5783.0,6492.0,5992.0,6453.0,6304.0,5998.0,6599.0,8028.0,9777.0,11687.0,13362.0,15206.0,18434.0,22819.0,19788.0,19831.0,21737.0,19740.0,19913.0,19769.0,17729.0,18508.0,19818.0,22468.0,23771.0
44,Denmark,26922.0,27060.0,29631.0,27643.0,30054.0,35478.0,35735.0,32901.0,33430.0,33492.0,30804.0,30812.0,33278.0,40520.0,46570.0,48876.0,52123.0,58641.0,64531.0,58287.0,58177.0,61864.0,58623.0,61326.0,62606.0,53237.0,53745.0,56335.0,60634.0,62617.0
45,Djibouti,,929.0,934.0,886.0,909.0,895.0,865.0,856.0,852.0,871.0,871.0,880.0,884.0,905.0,935.0,967.0,1021.0,1095.0,1236.0,1241.0,1307.0,1433.0,1523.0,1593.0,1691.0,1788.0,1903.0,2040.0,2187.0,2345.0
46,Dominica,2820.0,3087.0,3288.0,3449.0,3713.0,3855.0,4104.0,4254.0,4527.0,4658.0,4681.0,4775.0,4680.0,4826.0,5165.0,5127.0,5497.0,5940.0,6463.0,6904.0,6976.0,7082.0,6869.0,7096.0,7403.0,7564.0,8220.0,8592.0,8952.0,9260.0
47,Dominican Republic,1123.0,1365.0,1574.0,1742.0,1916.0,2141.0,2310.0,2495.0,2659.0,2675.0,2894.0,3007.0,3158.0,2461.0,2541.0,4008.0,4189.0,4803.0,5195.0,5151.0,5686.0,6057.0,6270.0,6343.0,6609.0,6833.0,7114.0,7361.0,7733.0,8126.0
48,Ecuador,1173.0,1287.0,1376.0,1573.0,1858.0,1980.0,2037.0,2253.0,2258.0,1599.0,1462.0,1909.0,2180.0,2435.0,2700.0,3025.0,3351.0,3588.0,4267.0,4242.0,4633.0,5193.0,5665.0,6031.0,6382.0,6154.0,5917.0,5876.0,5856.0,5876.0
49,Egypt,1871.0,924.0,825.0,907.0,979.0,1112.0,1222.0,1343.0,1469.0,1533.0,1643.0,1569.0,1357.0,1254.0,1195.0,1330.0,1563.0,1861.0,2270.0,2578.0,2922.0,3077.0,3383.0,3400.0,3524.0,3731.0,3685.0,,,
50,El Salvador,914.0,996.0,1103.0,1268.0,1459.0,1693.0,1819.0,1943.0,2078.0,2138.0,2238.0,2337.0,2409.0,2520.0,2633.0,2835.0,3061.0,3307.0,3508.0,3365.0,3477.0,3738.0,3829.0,3896.0,3990.0,4129.0,4227.0,4303.0,4498.0,4664.0
51,Equatorial Guinea,356.0,341.0,401.0,391.0,280.0,381.0,605.0,1115.0,905.0,1470.0,2230.0,3128.0,3738.0,6621.0,10154.0,13557.0,16229.0,20437.0,30014.0,22203.0,23412.0,29790.0,30408.0,28986.0,27584.0,15215.0,12399.0,11948.0,11457.0,11200.0
52,Eritrea,,,228.0,141.0,163.0,181.0,213.0,214.0,220.0,209.0,183.0,188.0,177.0,204.0,252.0,241.0,258.0,272.0,275.0,358.0,396.0,472.0,542.0,594.0,665.0,741.0,823.0,901.0,988.0,1083.0
53,Estonia,,,,1151.0,1649.0,2622.0,3329.0,3607.0,4035.0,4163.0,4072.0,4494.0,5309.0,7164.0,8835.0,10321.0,12577.0,16579.0,18144.0,14757.0,14652.0,17441.0,17398.0,19047.0,19962.0,17192.0,17786.0,19618.0,21964.0,23533.0
54,Ethiopia,269.0,288.0,293.0,176.0,152.0,153.0,155.0,152.0,134.0,128.0,130.0,126.0,117.0,121.0,139.0,165.0,198.0,249.0,334.0,398.0,361.0,379.0,504.0,548.0,628.0,721.0,795.0,861.0,927.0,994.0
55,Fiji,1809.0,1858.0,2039.0,2160.0,2392.0,2562.0,2747.0,2682.0,2105.0,2452.0,2111.0,2066.0,2278.0,2843.0,3325.0,3640.0,3731.0,4067.0,4335.0,3515.0,3827.0,4423.0,4632.0,4863.0,5180.0,5017.0,5357.0,5761.0,6114.0,6483.0
56,Finland,28507.0,25664.0,22490.0,17670.0,20434.0,26350.0,25828.0,24746.0,26054.0,26243.0,24347.0,24968.0,26959.0,32921.0,37748.0,39107.0,41240.0,48463.0,53785.0,47338.0,46392.0,50960.0,47553.0,49766.0,50088.0,42501.0,43482.0,45693.0,49207.0,51019.0
57,France,22600.0,22524.0,24726.0,23212.0,24398.0,27898.0,27871.0,25167.0,25952.0,25681.0,23318.0,23342.0,25226.0,30809.0,35154.0,36210.0,37900.0,43156.0,47273.0,43234.0,42249.0,45430.0,42333.0,44105.0,44572.0,37840.0,38178.0,39673.0,42419.0,43831.0
58,Gabon,6816.0,5993.0,6016.0,5678.0,4294.0,4957.0,5553.0,5068.0,4162.0,4223.0,4477.0,4062.0,4193.0,5006.0,5830.0,6936.0,7264.0,8640.0,10377.0,7834.0,8917.0,10891.0,9903.0,9761.0,9956.0,7754.0,7453.0,7584.0,8006.0,8423.0
59,Gambia,507.0,511.0,533.0,539.0,516.0,522.0,530.0,525.0,524.0,523.0,494.0,476.0,408.0,392.0,415.0,433.0,440.0,520.0,609.0,550.0,562.0,514.0,504.0,482.0,432.0,448.0,469.0,488.0,499.0,509.0
60,Georgia,,,,,168.0,398.0,655.0,770.0,801.0,628.0,689.0,731.0,777.0,924.0,1202.0,1522.0,1863.0,2479.0,3159.0,2694.0,2951.0,3711.0,4131.0,4267.0,4428.0,3762.0,3872.0,4123.0,4529.0,4884.0
61,Germany,20174.0,23372.0,26442.0,25570.0,27247.0,31908.0,30745.0,27257.0,27582.0,27055.0,24009.0,23950.0,25577.0,30786.0,34658.0,35240.0,37020.0,42531.0,46681.0,42576.0,42642.0,46853.0,44090.0,46545.0,48116.0,41345.0,42177.0,44184.0,47535.0,49181.0
62,Ghana,698.0,766.0,734.0,629.0,561.0,648.0,679.0,656.0,695.0,700.0,440.0,458.0,518.0,625.0,709.0,836.0,952.0,1127.0,1266.0,1107.0,1358.0,1628.0,1683.0,1870.0,1479.0,1372.0,1551.0,1608.0,1697.0,1777.0
63,Greece,9681.0,10284.0,11249.0,10451.0,11110.0,13000.0,13777.0,13486.0,13527.0,13867.0,12268.0,12579.0,14178.0,18534.0,22015.0,22626.0,24858.0,28900.0,32198.0,29819.0,26973.0,25897.0,22172.0,21805.0,21640.0,17955.0,18049.0,18945.0,20567.0,21358.0
64,Grenada,2888.0,3118.0,3191.0,3152.0,3271.0,3413.0,3640.0,3878.0,4401.0,4752.0,5118.0,5110.0,5292.0,5773.0,5836.0,6755.0,6766.0,7324.0,7947.0,7395.0,7366.0,7411.0,7583.0,7956.0,8574.0,9342.0,9857.0,10328.0,10754.0,11186.0
65,Guatemala,767.0,916.0,991.0,1053.0,1165.0,1279.0,1335.0,1479.0,1571.0,1448.0,1475.0,1568.0,1702.0,1753.0,1873.0,2078.0,2257.0,2490.0,2794.0,2636.0,2826.0,3188.0,3300.0,3453.0,3688.0,3924.0,4070.0,4185.0,4321.0,4520.0
66,Guinea,616.0,660.0,679.0,639.0,626.0,656.0,657.0,628.0,592.0,558.0,462.0,428.0,445.0,517.0,539.0,471.0,426.0,629.0,675.0,637.0,631.0,541.0,638.0,713.0,730.0,710.0,670.0,708.0,741.0,779.0
67,Guinea-Bissau,338.0,465.0,498.0,376.0,415.0,429.0,399.0,371.0,329.0,348.0,305.0,312.0,329.0,375.0,409.0,443.0,437.0,503.0,613.0,572.0,583.0,737.0,649.0,671.0,662.0,640.0,692.0,761.0,832.0,877.0
68,Guyana,906.0,1024.0,838.0,1002.0,1209.0,1366.0,1529.0,1618.0,1511.0,1550.0,1514.0,1517.0,1561.0,1612.0,1697.0,1766.0,1956.0,2334.0,2561.0,2693.0,3004.0,3415.0,3766.0,3929.0,4029.0,4151.0,4475.0,4662.0,4817.0,5043.0
69,Haiti,140.0,123.0,72.0,81.0,231.0,360.0,365.0,412.0,451.0,494.0,462.0,414.0,393.0,330.0,388.0,465.0,505.0,616.0,675.0,668.0,662.0,741.0,767.0,810.0,830.0,810.0,759.0,761.0,805.0,844.0
70,Honduras,850.0,832.0,903.0,901.0,860.0,968.0,911.0,979.0,1064.0,1049.0,1138.0,1187.0,1196.0,1228.0,1299.0,1406.0,1547.0,1721.0,1900.0,1962.0,2096.0,2316.0,2387.0,2349.0,2473.0,2567.0,2609.0,2730.0,2797.0,2835.0
71,Hong Kong,13281.0,15190.0,17586.0,19925.0,22039.0,22909.0,24699.0,27216.0,25653.0,24974.0,25578.0,25171.0,24733.0,23858.0,24876.0,26554.0,28031.0,30497.0,31488.0,30594.0,32421.0,34955.0,36624.0,38233.0,40186.0,42328.0,43561.0,44999.0,46077.0,47512.0
72,Hungary,3302.0,3340.0,3722.0,3860.0,4157.0,4479.0,4509.0,4580.0,4734.0,4786.0,4618.0,5264.0,6640.0,8386.0,10250.0,11150.0,11392.0,13829.0,15659.0,12956.0,13008.0,14037.0,12804.0,13591.0,14108.0,12344.0,12652.0,13460.0,14742.0,15460.0
73,Iceland,25581.0,26928.0,27265.0,23660.0,24115.0,26773.0,27864.0,27888.0,30714.0,32006.0,31571.0,28420.0,31891.0,38903.0,46696.0,55658.0,55394.0,67505.0,55235.0,40573.0,41623.0,45919.0,44177.0,47530.0,52200.0,50473.0,59629.0,73092.0,83750.0,89389.0
74,India,385.0,318.0,332.0,315.0,362.0,391.0,419.0,435.0,432.0,462.0,463.0,471.0,492.0,572.0,657.0,747.0,837.0,1077.0,1049.0,1153.0,1423.0,1498.0,1482.0,1486.0,1607.0,1629.0,1742.0,1852.0,1989.0,2165.0
75,Indonesia,771.0,848.0,908.0,1013.0,1116.0,1254.0,1394.0,1308.0,572.0,830.0,870.0,834.0,1003.0,1187.0,1281.0,1404.0,1765.0,2064.0,2418.0,2465.0,3178.0,3689.0,3745.0,3684.0,3534.0,3371.0,3604.0,3859.0,4116.0,4391.0
76,Iran,10493.0,5373.0,868.0,1126.0,1408.0,1960.0,2629.0,3039.0,3351.0,4376.0,5682.0,5081.0,1951.0,2269.0,2671.0,3202.0,3733.0,4758.0,5435.0,5419.0,6236.0,7681.0,5118.0,5152.0,5396.0,4723.0,5027.0,5252.0,4838.0,5104.0
77,Iraq,,,,,,,,,,,,,,609.0,1374.0,1829.0,2321.0,3091.0,4472.0,3702.0,4474.0,5849.0,6693.0,7021.0,6517.0,4869.0,4533.0,4958.0,5091.0,5194.0
78,Ireland,13642.0,13748.0,15332.0,14128.0,15452.0,19083.0,20776.0,22465.0,24186.0,26190.0,26154.0,28085.0,32450.0,40921.0,47348.0,50474.0,53778.0,60832.0,61214.0,52113.0,48674.0,52213.0,49067.0,51867.0,55826.0,62345.0,64782.0,68604.0,74493.0,77742.0
79,Israel,12470.0,13320.0,14370.0,14070.0,15658.0,18107.0,19353.0,19700.0,19436.0,19157.0,21053.0,20308.0,18437.0,18972.0,19900.0,20567.0,21834.0,24903.0,29541.0,27722.0,30654.0,33701.0,32539.0,36307.0,37556.0,35705.0,37192.0,39974.0,40762.0,41377.0
80,Italy,20691.0,21844.0,23159.0,18610.0,19186.0,20609.0,23033.0,21812.0,22284.0,21968.0,20117.0,20423.0,22299.0,27494.0,31250.0,31961.0,33341.0,37685.0,40689.0,36850.0,35658.0,38003.0,34470.0,35220.0,35457.0,30032.0,30507.0,31619.0,33725.0,34671.0
81,Jamaica,1972.0,1800.0,1804.0,2281.0,2266.0,2658.0,2835.0,3218.0,3339.0,3321.0,3368.0,3392.0,3553.0,3398.0,3655.0,4010.0,4253.0,4756.0,5055.0,4435.0,4812.0,5231.0,5331.0,5102.0,4953.0,5053.0,4934.0,5024.0,5230.0,5467.0
82,Japan,25196.0,28718.0,31194.0,35657.0,39224.0,43455.0,38453.0,35042.0,31931.0,35912.0,38534.0,33860.0,32301.0,34845.0,37701.0,37228.0,35465.0,35342.0,39454.0,41014.0,44674.0,48169.0,48633.0,40490.0,38143.0,34493.0,38883.0,38550.0,40063.0,41314.0
83,Jordan,1200.0,1174.0,1397.0,1385.0,1497.0,1560.0,1581.0,1608.0,1712.0,1720.0,1742.0,1803.0,1880.0,1949.0,2133.0,2300.0,2689.0,2990.0,3754.0,3983.0,4323.0,4615.0,4850.0,5152.0,5375.0,5506.0,5549.0,5678.0,5838.0,6011.0
84,Kazakhstan,,,169.0,305.0,737.0,1059.0,1350.0,1457.0,1446.0,1132.0,1230.0,1492.0,1657.0,2062.0,2863.0,3753.0,5261.0,6733.0,8349.0,7117.0,9009.0,11553.0,12300.0,13789.0,12712.0,10435.0,7456.0,8585.0,9224.0,9859.0
85,Kenya,553.0,507.0,485.0,327.0,380.0,468.0,516.0,508.0,565.0,500.0,479.0,480.0,474.0,525.0,549.0,621.0,743.0,895.0,978.0,982.0,1039.0,1055.0,1239.0,1319.0,1431.0,1448.0,1552.0,1678.0,1790.0,1898.0
86,Kiribati,601.0,646.0,647.0,623.0,716.0,721.0,847.0,839.0,805.0,833.0,803.0,733.0,825.0,1016.0,1128.0,1212.0,1149.0,1356.0,1437.0,1312.0,1491.0,1688.0,1760.0,1710.0,1640.0,1521.0,1547.0,1625.0,1678.0,1729.0
87,"Korea, South",6513.0,7523.0,8002.0,8741.0,10207.0,12340.0,13137.0,12133.0,8083.0,10410.0,11947.0,11256.0,12782.0,14211.0,15908.0,18640.0,20893.0,23061.0,20431.0,18292.0,22087.0,24080.0,24359.0,25890.0,27811.0,27105.0,27535.0,29730.0,30919.0,32154.0
88,Kosovo,,,,,,,,,,,1517.0,1722.0,1789.0,2183.0,2221.0,2266.0,2340.0,2793.0,3323.0,3244.0,3291.0,3718.0,3598.0,3898.0,4016.0,3506.0,3602.0,3581.0,3698.0,3836.0
89,Kuwait,8588.0,7961.0,13990.0,16213.0,13550.0,13872.0,15068.0,13741.0,11425.0,13358.0,17013.0,15108.0,15759.0,18787.0,21586.0,27015.0,31907.0,33733.0,42827.0,30415.0,32216.0,41831.0,45994.0,44775.0,40689.0,27885.0,26245.0,27237.0,28199.0,29259.0
90,Kyrgyzstan,,,208.0,148.0,245.0,325.0,391.0,373.0,339.0,255.0,278.0,307.0,320.0,378.0,431.0,474.0,541.0,720.0,961.0,866.0,875.0,1116.0,1166.0,1270.0,1267.0,1109.0,1073.0,1140.0,1160.0,1213.0
91,Laos,426.0,488.0,544.0,595.0,673.0,763.0,776.0,716.0,267.0,279.0,333.0,335.0,345.0,416.0,480.0,542.0,687.0,822.0,1014.0,1080.0,1243.0,1463.0,1641.0,1900.0,2075.0,2212.0,2394.0,2568.0,2756.0,2974.0
92,Latvia,,,633.0,1022.0,1725.0,2163.0,2417.0,2670.0,2965.0,3140.0,3337.0,3548.0,4116.0,5111.0,6315.0,7534.0,9635.0,14010.0,16317.0,12131.0,11228.0,13736.0,13762.0,14952.0,15690.0,13614.0,14063.0,15403.0,17241.0,18406.0
93,Lebanon,1050.0,1617.0,1965.0,2598.0,3062.0,3665.0,4232.0,5091.0,5552.0,5514.0,5331.0,5240.0,5430.0,5352.0,5487.0,5390.0,5404.0,6008.0,6982.0,8354.0,8850.0,9144.0,9914.0,10399.0,10810.0,11178.0,11295.0,11684.0,12082.0,12478.0
94,Lesotho,428.0,479.0,535.0,521.0,538.0,576.0,550.0,578.0,531.0,520.0,504.0,461.0,419.0,621.0,790.0,878.0,926.0,1041.0,1029.0,1072.0,1387.0,1561.0,1478.0,1393.0,1354.0,1244.0,1179.0,1414.0,1493.0,1574.0
95,Liberia,,,,,,,,,,,192.0,194.0,199.0,159.0,181.0,206.0,224.0,274.0,312.0,315.0,342.0,397.0,439.0,481.0,481.0,474.0,478.0,475.0,475.0,495.0
96,Libya,7194.0,7777.0,7704.0,6781.0,6193.0,6882.0,7372.0,7425.0,5980.0,7068.0,7388.0,6485.0,3834.0,4831.0,5988.0,8468.0,9660.0,11711.0,12571.0,8525.0,11417.0,5402.0,12694.0,8282.0,3876.0,2813.0,3205.0,5166.0,7292.0,8852.0
97,Lithuania,,,,,,1846.0,2328.0,2831.0,3167.0,3114.0,3297.0,3530.0,4146.0,5506.0,6706.0,7880.0,9247.0,12313.0,15047.0,11867.0,12011.0,14387.0,14354.0,15715.0,16595.0,14260.0,14893.0,16443.0,18312.0,19634.0
98,Luxembourg,33204.0,35501.0,39232.0,39651.0,43489.0,50922.0,49924.0,44389.0,45825.0,49541.0,49183.0,48443.0,53372.0,66058.0,76341.0,81112.0,90498.0,107014.0,115987.0,104358.0,106185.0,117212.0,108038.0,115135.0,120799.0,103157.0,104095.0,107708.0,113627.0,117161.0
99,Macau,,,,,,,,,,,,15611.0,16623.0,18347.0,22881.0,24970.0,28806.0,34084.0,38087.0,39615.0,50921.0,65868.0,73938.0,84860.0,86998.0,70215.0,69559.0,79564.0,86117.0,92492.0
100,Macedonia,,,1264.0,1384.0,1824.0,2387.0,2348.0,1980.0,1889.0,1932.0,1878.0,1840.0,1974.0,2441.0,2797.0,3072.0,3360.0,4076.0,4838.0,4579.0,4576.0,5175.0,4728.0,5240.0,5499.0,4854.0,5264.0,5500.0,5916.0,6257.0
101,Madagascar,267.0,225.0,245.0,267.0,228.0,235.0,288.0,247.0,253.0,244.0,246.0,279.0,263.0,317.0,246.0,276.0,293.0,379.0,472.0,417.0,414.0,456.0,445.0,462.0,453.0,402.0,401.0,412.0,424.0,444.0
102,Malawi,299.0,372.0,300.0,343.0,198.0,227.0,364.0,414.0,265.0,262.0,250.0,240.0,273.0,245.0,260.0,268.0,285.0,307.0,358.0,406.0,443.0,494.0,360.0,317.0,344.0,354.0,295.0,327.0,342.0,351.0
103,Malaysia,2550.0,2845.0,3331.0,3665.0,3971.0,4612.0,5103.0,4941.0,3470.0,3710.0,4287.0,4130.0,4380.0,4674.0,5171.0,5599.0,6264.0,7379.0,8647.0,7439.0,8920.0,10253.0,10655.0,10700.0,11009.0,9505.0,9374.0,9660.0,10490.0,11442.0
104,Maldives,1092.0,1185.0,1343.0,1479.0,1591.0,1903.0,2108.0,2554.0,2659.0,2843.0,2967.0,2780.0,2952.0,3691.0,4238.0,3960.0,5269.0,6128.0,7338.0,7451.0,8087.0,8078.0,8720.0,9761.0,10787.0,11543.0,11984.0,12569.0,13195.0,13875.0
105,Mali,380.0,379.0,379.0,368.0,274.0,346.0,345.0,315.0,319.0,321.0,268.0,305.0,333.0,390.0,437.0,486.0,519.0,593.0,689.0,695.0,705.0,831.0,773.0,799.0,841.0,740.0,768.0,794.0,837.0,858.0
106,Malta,,,,,,8944.0,9072.0,9113.0,9579.0,9928.0,10441.0,10392.0,11338.0,13649.0,15126.0,15898.0,16755.0,19585.0,22116.0,20806.0,21150.0,22926.0,22055.0,24088.0,26412.0,23970.0,25329.0,27567.0,30500.0,32348.0
107,Marshall Islands,,,,,,,,2157.0,2173.0,2124.0,2166.0,2280.0,2513.0,2545.0,2603.0,2695.0,2796.0,2911.0,2912.0,2919.0,3117.0,3259.0,3471.0,3563.0,3407.0,3331.0,3592.0,3624.0,3663.0,3709.0
108,Mauritania,608.0,678.0,695.0,577.0,590.0,617.0,612.0,578.0,550.0,547.0,490.0,476.0,473.0,542.0,618.0,717.0,1030.0,1097.0,1265.0,1146.0,1318.0,1536.0,1515.0,1618.0,1489.0,1307.0,1247.0,1284.0,1274.0,1287.0
109,Mauritius,2452.0,2664.0,2961.0,3016.0,3301.0,3737.0,3825.0,3547.0,3545.0,3696.0,3929.0,3857.0,4019.0,4794.0,5388.0,5283.0,5455.0,6286.0,7749.0,7082.0,7772.0,8993.0,9114.0,9480.0,10001.0,9115.0,9613.0,9672.0,10105.0,10629.0
110,Mexico,3211.0,3782.0,4313.0,5235.0,5458.0,3668.0,4122.0,4905.0,5102.0,5772.0,6736.0,7144.0,7276.0,6811.0,7270.0,8085.0,8919.0,9504.0,9895.0,7930.0,9200.0,10124.0,10137.0,10659.0,10846.0,9522.0,8562.0,9249.0,10021.0,10493.0
111,Micronesia,,,,,,2098.0,2065.0,1948.0,2058.0,2066.0,2184.0,2262.0,2282.0,2315.0,2273.0,2375.0,2418.0,2462.0,2536.0,2713.0,2888.0,3035.0,3194.0,3098.0,3115.0,3079.0,3157.0,3219.0,3294.0,3354.0
112,Moldova,,,234.0,302.0,314.0,392.0,462.0,527.0,465.0,322.0,362.0,408.0,459.0,549.0,722.0,832.0,952.0,1232.0,1697.0,1526.0,1633.0,1972.0,2046.0,2244.0,2246.0,1828.0,1907.0,2240.0,2457.0,2625.0
113,Mongolia,1512.0,1554.0,847.0,414.0,492.0,760.0,694.0,601.0,565.0,524.0,556.0,612.0,664.0,749.0,920.0,1150.0,1584.0,2054.0,3040.0,2206.0,2608.0,3736.0,4329.0,4365.0,4169.0,3946.0,3660.0,3553.0,3721.0,3951.0
114,Montenegro,,,,,,,,,,,1608.0,1887.0,2089.0,2776.0,3374.0,3673.0,4383.0,5965.0,7360.0,6715.0,6694.0,7326.0,6590.0,7189.0,7390.0,6465.0,6707.0,7071.0,7623.0,8011.0
115,Morocco,1249.0,1311.0,1343.0,1239.0,1370.0,1479.0,1613.0,1442.0,1519.0,1492.0,1374.0,1377.0,1454.0,1769.0,1999.0,2063.0,2243.0,2550.0,2947.0,2923.0,2897.0,3112.0,2980.0,3200.0,3260.0,2965.0,3004.0,3177.0,3368.0,3538.0
116,Mozambique,304.0,232.0,152.0,152.0,159.0,158.0,211.0,243.0,272.0,290.0,255.0,243.0,258.0,279.0,330.0,361.0,382.0,423.0,503.0,475.0,430.0,525.0,590.0,605.0,620.0,529.0,392.0,418.0,486.0,511.0
117,Myanmar,,,,,,,,,164.0,213.0,221.0,159.0,166.0,254.0,255.0,287.0,346.0,478.0,704.0,770.0,997.0,1197.0,1182.0,1180.0,1275.0,1147.0,1232.0,1272.0,1396.0,1540.0
118,Namibia,2110.0,2035.0,2071.0,1923.0,2100.0,2198.0,2126.0,2144.0,1837.0,1874.0,2140.0,1940.0,1811.0,2608.0,3441.0,3709.0,4008.0,4379.0,4199.0,4340.0,5411.0,5871.0,6039.0,5794.0,5718.0,5076.0,4709.0,5358.0,5619.0,5884.0
119,Nauru,,,,,,,,,,,,,,,3122.0,3094.0,3114.0,2211.0,4185.0,4634.0,4937.0,7214.0,10005.0,10036.0,9873.0,8056.0,7824.0,8575.0,8946.0,8996.0
120,Nepal,208.0,222.0,196.0,205.0,208.0,220.0,222.0,236.0,230.0,232.0,241.0,244.0,244.0,254.0,289.0,321.0,351.0,396.0,477.0,483.0,595.0,699.0,685.0,692.0,710.0,751.0,733.0,824.0,883.0,934.0
121,Netherlands,21002.0,21467.0,23578.0,22767.0,24307.0,28911.0,28709.0,26438.0,27573.0,27989.0,25996.0,26607.0,28919.0,35313.0,40008.0,41648.0,44493.0,51311.0,57197.0,52033.0,50433.0,53590.0,49502.0,51592.0,52240.0,44777.0,45658.0,48272.0,52016.0,53666.0
122,New Zealand,13363.0,12395.0,11710.0,12452.0,14493.0,16784.0,18357.0,18115.0,14828.0,15281.0,13978.0,13560.0,15552.0,20305.0,24690.0,27206.0,26078.0,31784.0,31662.0,28100.0,33222.0,37989.0,39554.0,41738.0,43695.0,37301.0,38278.0,41629.0,44069.0,45834.0
123,Nicaragua,,,,,854.0,898.0,917.0,917.0,952.0,981.0,1016.0,1046.0,1010.0,1015.0,1091.0,1175.0,1245.0,1344.0,1519.0,1464.0,1526.0,1683.0,1792.0,1847.0,1975.0,2096.0,2151.0,2201.0,2317.0,2442.0
124,Niger,330.0,300.0,292.0,267.0,182.0,197.0,204.0,182.0,201.0,188.0,159.0,164.0,181.0,224.0,237.0,264.0,276.0,313.0,382.0,368.0,378.0,411.0,431.0,462.0,482.0,409.0,412.0,421.0,447.0,466.0
125,Nigeria,686.0,645.0,546.0,578.0,793.0,1273.0,1618.0,1713.0,1861.0,496.0,570.0,598.0,748.0,798.0,983.0,1245.0,1591.0,1823.0,2234.0,1959.0,2365.0,2583.0,2798.0,3042.0,3268.0,2763.0,2208.0,2092.0,2376.0,2692.0
126,Norway,28189.0,28522.0,30445.0,27809.0,29228.0,34794.0,37225.0,36565.0,34721.0,36285.0,38067.0,38504.0,42975.0,49776.0,57445.0,66643.0,73930.0,84904.0,96500.0,79787.0,87309.0,100172.0,101169.0,102574.0,96644.0,74264.0,70553.0,73615.0,75341.0,76818.0
127,Oman,6341.0,5938.0,6293.0,6103.0,6116.0,6355.0,6865.0,6965.0,6038.0,6606.0,8121.0,7961.0,8109.0,8565.0,9636.0,11873.0,13938.0,15437.0,21866.0,16785.0,20327.0,22700.0,23305.0,21963.0,21803.0,18485.0,16535.0,17406.0,17664.0,18264.0
128,Pakistan,496.0,551.0,566.0,584.0,574.0,654.0,666.0,642.0,624.0,618.0,583.0,558.0,546.0,614.0,706.0,777.0,875.0,935.0,1033.0,993.0,1027.0,1212.0,1242.0,1260.0,1312.0,1425.0,1441.0,,,
129,Palau,,,,,,,,,,,7728.0,8235.0,8348.0,8095.0,8814.0,9611.0,9791.0,10064.0,10358.0,10028.0,10025.0,11148.0,12330.0,13005.0,13917.0,16643.0,17175.0,17570.0,18720.0,19757.0
130,Panama,2276.0,2450.0,2727.0,2916.0,3046.0,3051.0,3524.0,3731.0,3963.0,4070.0,4046.0,4030.0,4106.0,4244.0,4565.0,4886.0,5316.0,6030.0,6931.0,7387.0,7897.0,9231.0,10549.0,11649.0,12564.0,13114.0,13670.0,14409.0,15313.0,16362.0
131,Papua New Guinea,1288.0,1469.0,1573.0,1743.0,1867.0,1609.0,1668.0,1554.0,1158.0,1031.0,1025.0,877.0,851.0,1013.0,1111.0,1265.0,1404.0,1576.0,1884.0,1833.0,2158.0,2614.0,2971.0,2894.0,3002.0,2712.0,2589.0,2690.0,2785.0,2831.0
132,Paraguay,1185.0,1585.0,1592.0,1580.0,1681.0,1897.0,2008.0,2004.0,1778.0,1621.0,1551.0,1423.0,1153.0,1180.0,1414.0,1511.0,1811.0,2309.0,3047.0,2583.0,3199.0,3944.0,3807.0,4416.0,4639.0,4038.0,4003.0,4139.0,4332.0,4518.0
133,Peru,1302.0,1532.0,1566.0,1516.0,1905.0,2233.0,2282.0,2364.0,2234.0,1989.0,2023.0,2016.0,2095.0,2237.0,2489.0,2754.0,3180.0,3622.0,4243.0,4158.0,5009.0,5669.0,6280.0,6492.0,6592.0,6174.0,6204.0,6598.0,6892.0,7228.0
134,Philippines,806.0,807.0,920.0,922.0,1062.0,1200.0,1277.0,1241.0,958.0,1078.0,1055.0,970.0,1015.0,1025.0,1093.0,1209.0,1405.0,1684.0,1941.0,1851.0,2155.0,2380.0,2592.0,2769.0,2842.0,2866.0,2927.0,3022.0,3301.0,3597.0
135,Poland,1626.0,2101.0,2311.0,2347.0,2687.0,3605.0,4058.0,4068.0,4450.0,4340.0,4476.0,4978.0,5195.0,5691.0,6643.0,7975.0,8996.0,11257.0,13910.0,11454.0,12602.0,13887.0,13158.0,13777.0,14337.0,12559.0,12361.0,13429.0,15050.0,15835.0
136,Portugal,7941.0,9010.0,10841.0,9531.0,9971.0,11791.0,12188.0,11598.0,12221.0,12491.0,11536.0,11739.0,12928.0,15803.0,18070.0,18817.0,19839.0,22812.0,24933.0,23123.0,22581.0,23217.0,20589.0,21625.0,22113.0,19222.0,19821.0,20575.0,21663.0,22495.0
137,Puerto Rico,8676.0,9093.0,9687.0,10256.0,10943.0,11668.0,12305.0,12968.0,14430.0,15293.0,16192.0,18244.0,18973.0,19820.0,20989.0,21959.0,22936.0,23665.0,24898.0,25769.0,26436.0,27279.0,27945.0,28513.0,28981.0,29689.0,30790.0,30729.0,30586.0,30665.0
138,Qatar,15446.0,14189.0,15617.0,14546.0,14895.0,16238.0,17678.0,21337.0,18634.0,21660.0,29914.0,28667.0,30749.0,35644.0,44052.0,54229.0,62921.0,69167.0,74189.0,59683.0,72953.0,96828.0,101933.0,99180.0,93054.0,67537.0,59514.0,60812.0,65159.0,68255.0
139,Romania,1652.0,1249.0,853.0,1155.0,1325.0,1573.0,1575.0,1582.0,1897.0,1611.0,1670.0,1817.0,2119.0,2768.0,3542.0,4663.0,5811.0,8125.0,10160.0,8221.0,8277.0,9214.0,8542.0,9568.0,10001.0,8934.0,9493.0,10372.0,11817.0,12754.0
140,Russia,,,620.0,1330.0,2004.0,2271.0,2843.0,2944.0,1976.0,1433.0,1906.0,2259.0,2557.0,3198.0,4408.0,5713.0,7420.0,9753.0,12468.0,9178.0,11445.0,14326.0,15425.0,16023.0,14388.0,9521.0,8946.0,10248.0,10630.0,11082.0
141,Rwanda,386.0,276.0,293.0,301.0,206.0,227.0,248.0,319.0,313.0,263.0,229.0,209.0,199.0,214.0,240.0,293.0,350.0,416.0,512.0,555.0,577.0,636.0,697.0,710.0,728.0,732.0,729.0,754.0,776.0,794.0
142,Samoa,,,,,,,,,1613.0,1470.0,1512.0,1517.0,1596.0,1877.0,2281.0,2633.0,2775.0,3039.0,3635.0,3170.0,3431.0,3940.0,4233.0,4219.0,4179.0,4148.0,4024.0,4283.0,4386.0,4500.0
143,San Marino,,,,,,,,,,,,,,,,,,,84866.0,71851.0,64631.0,61595.0,53682.0,55623.0,54768.0,46185.0,46433.0,47302.0,49420.0,50541.0
144,São Tomé and Príncipe,1050.0,921.0,791.0,1033.0,1059.0,821.0,262.0,351.0,399.0,409.0,416.0,509.0,563.0,665.0,715.0,842.0,882.0,906.0,1117.0,1084.0,1108.0,1273.0,1343.0,1570.0,1761.0,1567.0,1689.0,1749.0,1876.0,1987.0
145,Saudi Arabia,7735.0,8280.0,8078.0,7686.0,7626.0,7893.0,8528.0,8706.0,7525.0,8093.0,9257.0,8778.0,8823.0,9801.0,11467.0,14068.0,15604.0,16667.0,20157.0,16095.0,19113.0,23655.0,25208.0,24893.0,24580.0,21095.0,20365.0,20957.0,21453.0,21764.0
146,Senegal,756.0,722.0,751.0,690.0,457.0,560.0,567.0,510.0,539.0,536.0,476.0,482.0,515.0,644.0,733.0,774.0,809.0,950.0,1099.0,1018.0,999.0,1077.0,1033.0,1046.0,1045.0,904.0,943.0,998.0,1080.0,1145.0
147,Serbia,,,,,,,,2926.0,2301.0,1508.0,1239.0,1641.0,2157.0,2837.0,3315.0,3504.0,4145.0,5486.0,6689.0,5820.0,5354.0,6424.0,5656.0,6352.0,6199.0,5237.0,5348.0,5600.0,6052.0,6471.0
148,Seychelles,5303.0,5315.0,6128.0,6559.0,6555.0,6749.0,6583.0,7281.0,7716.0,7747.0,7579.0,7663.0,8432.0,8525.0,10177.0,11093.0,12014.0,12156.0,11480.0,9707.0,10805.0,11647.0,12000.0,14762.0,14701.0,14783.0,15234.0,15658.0,16313.0,17116.0
149,Sierra Leone,235.0,281.0,246.0,281.0,337.0,324.0,351.0,316.0,248.0,242.0,227.0,252.0,278.0,293.0,292.0,322.0,357.0,399.0,454.0,435.0,448.0,502.0,636.0,805.0,803.0,673.0,577.0,594.0,617.0,648.0
150,Singapore,12766.0,14504.0,16136.0,18302.0,21578.0,24936.0,26263.0,26387.0,21826.0,21797.0,23793.0,21577.0,22017.0,23574.0,27404.0,29870.0,33579.0,39224.0,39722.0,38577.0,46569.0,53168.0,54432.0,56029.0,56338.0,53629.0,52961.0,53880.0,55231.0,56679.0
151,Slovakia,,,,2561.0,2939.0,3697.0,3990.0,4070.0,4233.0,3864.0,3833.0,3976.0,4621.0,6330.0,8027.0,9129.0,10683.0,14350.0,18049.0,16567.0,16635.0,18224.0,17295.0,18206.0,18634.0,16105.0,16499.0,17491.0,19128.0,20239.0
152,Slovenia,,,9604.0,8327.0,8437.0,10709.0,10799.0,10558.0,11158.0,11498.0,10286.0,10502.0,11837.0,14906.0,17283.0,18223.0,19777.0,23959.0,27784.0,24785.0,23500.0,25041.0,22563.0,23378.0,24251.0,20890.0,21668.0,23277.0,25330.0,26481.0
153,Solomon Islands,667.0,687.0,790.0,858.0,1057.0,1195.0,1280.0,1303.0,1084.0,1116.0,923.0,898.0,744.0,704.0,794.0,915.0,980.0,1049.0,1208.0,1161.0,1294.0,1734.0,1936.0,2010.0,2042.0,1972.0,2053.0,2074.0,2188.0,2273.0
154,Somalia,,,,,,,,,,,,,,,,,,,,,,,,,,,,,,
155,South Africa,3140.0,3289.0,3481.0,3391.0,3447.0,3752.0,3499.0,3556.0,3159.0,3087.0,3039.0,2668.0,2521.0,3772.0,4869.0,5413.0,5639.0,6124.0,5802.0,5926.0,7381.0,8083.0,7574.0,6907.0,6513.0,5800.0,5302.0,6089.0,6292.0,6418.0
156,South Sudan,,,,,,,,,,,,,,,,,,,,,,1737.0,1085.0,1373.0,1326.0,1050.0,244.0,222.0,223.0,213.0
157,Spain,13650.0,14665.0,15975.0,13376.0,13386.0,15437.0,16057.0,14748.0,15421.0,15775.0,14725.0,15369.0,17083.0,21532.0,24989.0,26550.0,28531.0,32748.0,35725.0,32412.0,30803.0,31868.0,28582.0,29236.0,29664.0,25718.0,26565.0,28212.0,30689.0,32024.0
158,Sri Lanka,582.0,630.0,672.0,709.0,806.0,847.0,918.0,1011.0,1028.0,1018.0,1049.0,993.0,1030.0,1124.0,1217.0,1424.0,1637.0,1859.0,2320.0,2377.0,2780.0,3177.0,3312.0,3576.0,3784.0,3770.0,3789.0,3906.0,4049.0,4336.0
159,Saint Kitts and Nevis,4970.0,4913.0,5387.0,5807.0,6409.0,6820.0,7192.0,8003.0,8247.0,8649.0,9224.0,9967.0,10283.0,9760.0,10378.0,11054.0,12771.0,13356.0,14463.0,13984.0,13467.0,14212.0,13690.0,14515.0,15430.0,15766.0,15991.0,16491.0,17210.0,17922.0
160,Saint Lucia,3687.0,3855.0,4168.0,4202.0,4313.0,4513.0,4587.0,4599.0,4930.0,5118.0,5146.0,4930.0,4949.0,5415.0,5763.0,6067.0,6817.0,7589.0,7528.0,7667.0,8337.0,8590.0,8496.0,8726.0,9009.0,9514.0,9601.0,9780.0,10072.0,10380.0
161,Saint Vincent and the Grenadines,2274.0,2393.0,2611.0,2690.0,2720.0,2970.0,3116.0,3270.0,3514.0,3676.0,3729.0,4047.0,4328.0,4494.0,4847.0,5092.0,5623.0,5974.0,6367.0,6173.0,6224.0,6171.0,6319.0,6570.0,6618.0,6866.0,6992.0,7396.0,7707.0,8057.0
162,Sudan,95.0,104.0,124.0,203.0,224.0,261.0,319.0,402.0,379.0,351.0,394.0,413.0,453.0,525.0,622.0,751.0,989.0,1235.0,1430.0,1359.0,1635.0,2058.0,1787.0,1811.0,1906.0,2119.0,2304.0,2917.0,3459.0,3999.0
163,Suriname,1320.0,1434.0,1314.0,1021.0,1133.0,2121.0,2606.0,2751.0,3264.0,2650.0,2713.0,2302.0,2872.0,3336.0,3790.0,4484.0,5209.0,5758.0,6833.0,7394.0,8224.0,8191.0,9194.0,9413.0,9501.0,8768.0,6430.0,6416.0,6923.0,7472.0
164,Swaziland,1579.0,1614.0,1761.0,1770.0,1888.0,2244.0,2092.0,2186.0,1975.0,1914.0,1873.0,1652.0,1512.0,2308.0,2895.0,3255.0,3322.0,3457.0,3254.0,3498.0,4267.0,4572.0,4404.0,4046.0,3890.0,3512.0,3343.0,3513.0,3459.0,3443.0
165,Sweden,29794.0,31082.0,32164.0,24011.0,25647.0,29883.0,32578.0,29896.0,30135.0,30552.0,29252.0,26934.0,29521.0,36890.0,42362.0,42999.0,46089.0,53122.0,55526.0,45998.0,51869.0,59382.0,56916.0,60005.0,58869.0,50319.0,51125.0,53248.0,57783.0,59853.0
166,Switzerland,38666.0,38665.0,39703.0,38247.0,42003.0,48839.0,46768.0,40472.0,41552.0,40667.0,38007.0,38722.0,41562.0,48297.0,53465.0,55130.0,57799.0,63951.0,73112.0,70495.0,74908.0,88905.0,83946.0,85671.0,87133.0,82442.0,80346.0,80837.0,83264.0,84665.0
167,Syria,967.0,972.0,984.0,995.0,1061.0,1133.0,1186.0,1081.0,1028.0,1043.0,1203.0,1237.0,1305.0,1209.0,1361.0,1510.0,1726.0,2016.0,2557.0,2557.0,2807.0,,,,,,,,,
168,Taiwan,8178.0,9092.0,10726.0,11201.0,12109.0,13076.0,13597.0,13968.0,12787.0,13768.0,14877.0,13399.0,13715.0,14084.0,15356.0,16503.0,16985.0,17781.0,18103.0,16960.0,19262.0,20912.0,21270.0,21888.0,22639.0,22358.0,22497.0,24227.0,24889.0,25539.0
169,Tajikistan,,,53.0,122.0,148.0,100.0,183.0,193.0,222.0,177.0,159.0,166.0,186.0,234.0,306.0,334.0,398.0,514.0,696.0,661.0,741.0,836.0,953.0,1046.0,1113.0,927.0,800.0,819.0,791.0,826.0
170,Tanzania,139.0,158.0,140.0,126.0,130.0,148.0,180.0,211.0,303.0,363.0,378.0,379.0,384.0,399.0,425.0,450.0,482.0,542.0,672.0,684.0,726.0,765.0,870.0,969.0,1032.0,957.0,980.0,1041.0,1118.0,1195.0
171,Thailand,1571.0,1777.0,2000.0,2219.0,2495.0,2846.0,3047.0,2475.0,1855.0,2048.0,2028.0,1912.0,2115.0,2378.0,2676.0,2906.0,3379.0,3978.0,4380.0,4208.0,5065.0,5482.0,5850.0,6157.0,5921.0,5799.0,5902.0,6336.0,6745.0,7194.0
172,Timor-Leste,,,,,,,,,,,471.0,518.0,501.0,513.0,1091.0,1787.0,2668.0,2690.0,4060.0,3041.0,3783.0,5268.0,6049.0,4998.0,3492.0,2619.0,2230.0,2190.0,2240.0,2255.0
173,Togo,488.0,472.0,485.0,362.0,275.0,354.0,376.0,370.0,339.0,329.0,271.0,271.0,293.0,324.0,367.0,392.0,402.0,429.0,524.0,510.0,497.0,573.0,581.0,624.0,648.0,570.0,590.0,622.0,675.0,708.0
174,Tonga,1579.0,1817.0,1869.0,1944.0,2104.0,2200.0,2410.0,2254.0,2012.0,2036.0,1966.0,1775.0,1908.0,2109.0,2454.0,2789.0,2889.0,3142.0,3338.0,3295.0,3793.0,4417.0,4442.0,4303.0,4297.0,3956.0,3957.0,4177.0,4164.0,4357.0
175,Trinidad and Tobago,4148.0,4316.0,4396.0,3752.0,3957.0,4246.0,4577.0,4551.0,4787.0,5382.0,6431.0,6936.0,7050.0,8805.0,10291.0,12323.0,14096.0,16530.0,21188.0,14509.0,16684.0,19054.0,19152.0,19608.0,19325.0,17322.0,15459.0,14784.0,15077.0,15555.0
176,Tunisia,1652.0,1707.0,2000.0,1860.0,1941.0,2194.0,2342.0,2251.0,2336.0,2426.0,2248.0,2286.0,2374.0,2790.0,3140.0,3218.0,3394.0,3805.0,4341.0,4179.0,4177.0,4292.0,4180.0,4249.0,4329.0,3884.0,3749.0,3518.0,3429.0,3565.0
177,Turkey,3747.0,3686.0,3817.0,4259.0,3024.0,3877.0,4096.0,4221.0,4387.0,4019.0,4219.0,3053.0,3589.0,4643.0,5953.0,7278.0,7899.0,9563.0,10692.0,8882.0,10476.0,11141.0,11553.0,12395.0,12022.0,10915.0,10817.0,10434.0,11125.0,11707.0
178,Turkmenistan,,,241.0,1343.0,1109.0,1403.0,558.0,618.0,651.0,867.0,1116.0,1523.0,1891.0,2458.0,3022.0,3617.0,4455.0,5344.0,4375.0,4060.0,4479.0,5725.0,6798.0,7480.0,8191.0,6690.0,6622.0,7522.0,8273.0,9045.0
179,Tuvalu,,,,,,,,,,,,,1662.0,1947.0,2256.0,2229.0,2325.0,2713.0,3053.0,2684.0,3059.0,3688.0,3542.0,3499.0,3459.0,3281.0,3375.0,3619.0,3747.0,3869.0
180,Uganda,364.0,184.0,167.0,190.0,267.0,310.0,309.0,327.0,310.0,286.0,274.0,268.0,279.0,279.0,332.0,372.0,407.0,489.0,605.0,629.0,662.0,669.0,753.0,770.0,811.0,710.0,692.0,701.0,730.0,769.0
181,Ukraine,,,428.0,677.0,741.0,752.0,914.0,1038.0,874.0,665.0,664.0,815.0,919.0,1096.0,1427.0,1910.0,2408.0,3220.0,4095.0,2655.0,2983.0,3590.0,3873.0,3969.0,3095.0,2135.0,2199.0,2459.0,2597.0,2818.0
182,United Arab Emirates,26622.0,25847.0,25961.0,25654.0,25763.0,26394.0,29059.0,29523.0,25898.0,27321.0,34689.0,32621.0,32791.0,35017.0,39305.0,43989.0,44314.0,41472.0,39075.0,30920.0,35076.0,41223.0,42750.0,43233.0,43347.0,37361.0,35384.0,37346.0,38436.0,39342.0
183,United Kingdom,20668.0,21503.0,22119.0,19739.0,21099.0,22759.0,23975.0,26367.0,27769.0,28160.0,27828.0,27297.0,29654.0,34050.0,39871.0,41567.0,44096.0,49974.0,46890.0,38181.0,38738.0,41260.0,41684.0,42453.0,46479.0,43976.0,40050.0,38847.0,40026.0,40800.0
184,United States,23914.0,24366.0,25467.0,26442.0,27756.0,28763.0,30047.0,31554.0,32929.0,34602.0,36433.0,37241.0,38114.0,39592.0,41838.0,44218.0,46352.0,47955.0,48302.0,46909.0,48310.0,49734.0,51403.0,52742.0,54668.0,56437.0,57608.0,59495.0,61687.0,63810.0
185,Uruguay,3289.0,3941.0,4502.0,5213.0,6015.0,6602.0,6975.0,7296.0,7667.0,7193.0,6817.0,6238.0,4073.0,3615.0,4103.0,5190.0,5843.0,6985.0,9029.0,9372.0,11860.0,14054.0,14962.0,16723.0,16572.0,15366.0,15062.0,17252.0,18772.0,19766.0
186,Uzbekistan,,,167.0,252.0,293.0,448.0,602.0,616.0,617.0,693.0,551.0,461.0,378.0,393.0,461.0,544.0,639.0,824.0,1039.0,1195.0,1367.0,1561.0,1721.0,1890.0,2064.0,2112.0,2133.0,2128.0,2118.0,2222.0
187,Vanuatu,1141.0,1333.0,1358.0,1277.0,1423.0,1480.0,1512.0,1538.0,1441.0,1436.0,1425.0,1321.0,1314.0,1538.0,1745.0,1846.0,2007.0,2351.0,2654.0,2607.0,2923.0,3230.0,3116.0,3124.0,3104.0,2909.0,2938.0,2976.0,3110.0,3238.0
188,Venezuela,2493.0,2685.0,2968.0,2876.0,2742.0,3560.0,3175.0,3778.0,3973.0,4122.0,4824.0,4965.0,3791.0,3266.0,4310.0,5418.0,6610.0,8133.0,10464.0,8443.0,10317.0,11542.0,11287.0,7869.0,7030.0,7923.0,7620.0,6850.0,6528.0,5737.0
189,Vietnam,98.0,114.0,144.0,189.0,230.0,289.0,338.0,362.0,361.0,375.0,402.0,413.0,440.0,489.0,604.0,700.0,797.0,920.0,1154.0,1181.0,1297.0,1532.0,1752.0,1900.0,2049.0,2088.0,2172.0,2306.0,2482.0,2677.0
190,Yemen,1046.0,1158.0,1351.0,1558.0,1919.0,841.0,411.0,419.0,375.0,439.0,540.0,532.0,560.0,598.0,682.0,798.0,882.0,971.0,1171.0,1061.0,1267.0,1302.0,1368.0,1516.0,1574.0,1334.0,938.0,856.0,830.0,905.0
191,Zambia,510.0,447.0,425.0,406.0,406.0,411.0,379.0,441.0,353.0,330.0,340.0,377.0,376.0,429.0,531.0,692.0,1030.0,1103.0,1366.0,1135.0,1456.0,1636.0,1725.0,1840.0,1727.0,1310.0,1257.0,1484.0,1538.0,1542.0
192,Zimbabwe,897.0,810.0,648.0,608.0,618.0,621.0,736.0,763.0,921.0,897.0,867.0,857.0,822.0,728.0,719.0,683.0,608.0,581.0,493.0,684.0,816.0,969.0,1076.0,1134.0,1149.0,1137.0,1112.0,1150.0,1239.0,1316.0
